N,Threads,FLOP,CppTime_ms,Verified
128,1,4177920.0,0.599,True
256,1,33488896.0,4.268,True
512,1,268173312.0,56.326,True
1024,1,2146435072.0,289.4,True
2048,1,17175674880.0,4171.813,True
4096,1,137422176256.0,38059.674,True
128,2,4177920.0,1.416,True
256,2,33488896.0,3.267,True
512,2,268173312.0,18.934,True
1024,2,2146435072.0,147.405,True
2048,2,17175674880.0,2317.551,True
4096,2,137422176256.0,20867.415,True
128,4,4177920.0,1.637,True
256,4,33488896.0,3.659,True
512,4,268173312.0,10.873,True
1024,4,2146435072.0,76.135,True
2048,4,17175674880.0,1235.96,True
4096,4,137422176256.0,10110.726,True
128,6,4177920.0,1.666,True
256,6,33488896.0,3.378,True
512,6,268173312.0,11.904,True
1024,6,2146435072.0,70.599,True
2048,6,17175674880.0,971.987,True
4096,6,137422176256.0,9927.36,True
128,8,4177920.0,2.194,True
256,8,33488896.0,4.063,True
512,8,268173312.0,11.458,True
1024,8,2146435072.0,77.329,True
2048,8,17175674880.0,818.536,True
4096,8,137422176256.0,10357.993,True
128,10,4177920.0,1.703,True
256,10,33488896.0,3.922,True
512,10,268173312.0,10.993,True
1024,10,2146435072.0,70.005,True
2048,10,17175674880.0,767.378,True
4096,10,137422176256.0,8881.357,True
128,12,4177920.0,2.743,True
256,12,33488896.0,3.867,True
512,12,268173312.0,14.063,True
1024,12,2146435072.0,66.135,True
2048,12,17175674880.0,678.86,True
4096,12,137422176256.0,8408.016,True
128,14,4177920.0,3.515,True
256,14,33488896.0,3.07,True
512,14,268173312.0,11.958,True
1024,14,2146435072.0,62.825,True
2048,14,17175674880.0,585.655,True
4096,14,137422176256.0,7956.491,True
128,16,4177920.0,2.352,True
256,16,33488896.0,4.291,True
512,16,268173312.0,12.874,True
1024,16,2146435072.0,60.744,True
2048,16,17175674880.0,601.441,True
4096,16,137422176256.0,6780.47,True
